sep=,
AHP priorities,"2024.01.15 03:02:03"
4
"Solar Hourly Generation","Wind Speed","Distance to Grid","Distance to Road"
1.000000,6.000000,3.000000,4.000000
0.166667,1.000000,0.250000,0.250000
0.333333,4.000000,1.000000,2.000000
0.250000,4.000000,0.500000,1.000000
0.544595,0.060492,0.236416,0.158498
4.132499,0.048565
